Workbook

Sheet Planilha1
A1: Ies | B1: headcount | C1: meta_atendimento | D1: meta_conversao | E1: meta_vendas | F1: meta_dia | H1: De | I1: Para | J1: Meta | K1: HC | L1: meta_conv | M1: multiplicador
A2: PUCPR DIGITAL | B2: 11 | C2: 596.52174 | D2: 0.0575 | E2: 686 | F2: 33 | H2: PUCPR DIGITAL | I2: PUC-PR | J2: 0.78054286 | K2: 10 | L2: 0.048 | M2: 1.32
A3: Pós PUCRJ | B3: 3 | C3: 149.03846 | D3: 0.052 | E3: 155 | F3: 7 | H3: Pós PUCRJ | I3: PUC-Rio | J3: 0.8 | K3: 3 | L3: 0.052 | M3: 1.31
A4: Pós PUCCAMPINAS | B4: 9 | C4: 374.13793 | D4: 0.058 | E4: 434 | F4: 21 | H4: Pós PUCCAMPINAS | I4: Collab PUC Campinas | J4: 0.95 | K4: 9 | L4: 0.07 | M4: 1.33
A5: DOM CABRAL | B5: 2 | C5: 86.567164 | D5: 0.067 | E5: 116 | F5: 6 | H5: FDC | I5: FDC | J5: 0.9 | K5: 2 | L5: 0.056 | M5: 1.35
A6: Pós Artmed | B6: 10 | C6: 263 | D6: 0.1 | E6: 526 | F6: 25 | H6: Pós Artmed | I6: Pós-Artmed | J6: 0.81004563 | K6: 9 | L6: 0.095 | M6: 1.39
A7: HCOR | B7: 3 | C7: 102.77778 | D7: 0.072 | E7: 148 | F7: 7 | H7: HCOR | I7: HCOR | J7: 0.89248649 | K7: 4 | L7: 0.056 | M7: 1.32
A8: PUCRJ Collab | B8: 5 | C8: 208.46154 | D8: 0.065 | E8: 271 | F8: 13 | H8: PUCRJ Collab | I8: Collab PUC Rio | J8: 0.9 | K8: 5 | L8: 0.058 | M8: 1.27
A9: ESPM | B9: 2 | C9: 50 | D9: 0.06 | E9: 60 | F9: 3 | H9: ESPM | I9: ESPM | J9: 0.9 | K9: 2 | L9: 0.067 | M9: 1.29
A10: SECAD | B10: 8 | C10: 732.87671 | D10: 0.073 | E10: 1070 | F10: 15.809524 | H10: SECAD | I10: SECAD | J10: 0.31 | K10: 8 | L10: 0.073
A11: GRADUAÇÃO | B11: 10 | C11: 463 | D11: 0.115 | E11: 1089 | F11: 45 | H11: Graduação Premium | I11: Graduação Premium | J11: 0.77 | K11: 6 | L11: 0.155
H12: Graduação Standard | I12: Graduação Standard | J12: 0.74 | K12: 5 | L12: 0.15
H13: Artmed Academy | I13: Artmed Academy | J13: 1 | K13: 2 | L13: 0

Sheet meta_dia
A1: IES | B1: Data | C1: meta_ies | D1: meta_mes_cc | E1: meta_cc | F1: hc_ativo | G1: meta_operador | H1: meta_conversao | I1: multiplicador | J1: meta_ticket | K1: id_key
A2: PUCPR DIGITAL | B2: 46174 | C2: 25 | D2: =_xlfn.XLOOKUP(A2,Planilha1!H:H,Planilha1!J:J) -> 0.78054286 | E2: =C2*D2 -> 19.513571 | F2: =_xlfn.XLOOKUP(A2,Planilha1!H:H,Planilha1!K:K) -> 10 | G2: =IFERROR(F2/E2,0) -> 0.51246385 | H2: =_xlfn.XLOOKUP(A2,Planilha1!H:H,Planilha1!L:L) -> 0.048 | I2: =_xlfn.XLOOKUP(A2,Planilha1!H:H,Planilha1!M:M) -> 1.32 | J2: =(E2/H2)*I2 -> 536.62321 | K2: =_xlfn.CONCAT(A2,"_",B2) -> PUCPR DIGITAL_46174
A3: PUCPR DIGITAL | B3: 46175 | C3: 25 | D3: =_xlfn.XLOOKUP(A3,Planilha1!H:H,Planilha1!J:J) -> 0.78054286 | E3: =C3*D3 -> 19.513571 | F3: =_xlfn.XLOOKUP(A3,Planilha1!H:H,Planilha1!K:K) -> 10 | G3: =IFERROR(F3/E3,0) -> 0.51246385 | H3: =_xlfn.XLOOKUP(A3,Planilha1!H:H,Planilha1!L:L) -> 0.048 | I3: =_xlfn.XLOOKUP(A3,Planilha1!H:H,Planilha1!M:M) -> 1.32 | J3: =(E3/H3)*I3 -> 536.62321 | K3: =_xlfn.CONCAT(A3,"_",B3) -> PUCPR DIGITAL_46175
A4: PUCPR DIGITAL | B4: 46176 | C4: 25 | D4: =_xlfn.XLOOKUP(A4,Planilha1!H:H,Planilha1!J:J) -> 0.78054286 | E4: =C4*D4 -> 19.513571 | F4: =_xlfn.XLOOKUP(A4,Planilha1!H:H,Planilha1!K:K) -> 10 | G4: =IFERROR(F4/E4,0) -> 0.51246385 | H4: =_xlfn.XLOOKUP(A4,Planilha1!H:H,Planilha1!L:L) -> 0.048 | I4: =_xlfn.XLOOKUP(A4,Planilha1!H:H,Planilha1!M:M) -> 1.32 | J4: =(E4/H4)*I4 -> 536.62321 | K4: =_xlfn.CONCAT(A4,"_",B4) -> PUCPR DIGITAL_46176
A5: PUCPR DIGITAL | B5: 46177 | C5: 0 | D5: =_xlfn.XLOOKUP(A5,Planilha1!H:H,Planilha1!J:J) -> 0.78054286 | E5: =C5*D5 -> 0 | F5: =_xlfn.XLOOKUP(A5,Planilha1!H:H,Planilha1!K:K) -> 10 | G5: =IFERROR(F5/E5,0) -> 0 | H5: =_xlfn.XLOOKUP(A5,Planilha1!H:H,Planilha1!L:L) -> 0.048 | I5: =_xlfn.XLOOKUP(A5,Planilha1!H:H,Planilha1!M:M) -> 1.32 | J5: =(E5/H5)*I5 -> 0 | K5: =_xlfn.CONCAT(A5,"_",B5) -> PUCPR DIGITAL_46177
A6: PUCPR DIGITAL | B6: 46178 | C6: 10 | D6: =_xlfn.XLOOKUP(A6,Planilha1!H:H,Planilha1!J:J) -> 0.78054286 | E6: =C6*D6 -> 7.8054286 | F6: =_xlfn.XLOOKUP(A6,Planilha1!H:H,Planilha1!K:K) -> 10 | G6: =IFERROR(F6/E6,0) -> 1.2811596 | H6: =_xlfn.XLOOKUP(A6,Planilha1!H:H,Planilha1!L:L) -> 0.048 | I6: =_xlfn.XLOOKUP(A6,Planilha1!H:H,Planilha1!M:M) -> 1.32 | J6: =(E6/H6)*I6 -> 214.64929 | K6: =_xlfn.CONCAT(A6,"_",B6) -> PUCPR DIGITAL_46178
A7: PUCPR DIGITAL | B7: 46179 | C7: 5 | D7: =_xlfn.XLOOKUP(A7,Planilha1!H:H,Planilha1!J:J) -> 0.78054286 | E7: =C7*D7 -> 3.9027143 | F7: =_xlfn.XLOOKUP(A7,Planilha1!H:H,Planilha1!K:K) -> 10 | G7: =IFERROR(F7/E7,0) -> 2.5623193 | H7: =_xlfn.XLOOKUP(A7,Planilha1!H:H,Planilha1!L:L) -> 0.048 | I7: =_xlfn.XLOOKUP(A7,Planilha1!H:H,Planilha1!M:M) -> 1.32 | J7: =(E7/H7)*I7 -> 107.32464 | K7: =_xlfn.CONCAT(A7,"_",B7) -> PUCPR DIGITAL_46179
A8: PUCPR DIGITAL | B8: 46180 | C8: 0 | D8: =_xlfn.XLOOKUP(A8,Planilha1!H:H,Planilha1!J:J) -> 0.78054286 | E8: =C8*D8 -> 0 | F8: =_xlfn.XLOOKUP(A8,Planilha1!H:H,Planilha1!K:K) -> 10 | G8: =IFERROR(F8/E8,0) -> 0 | H8: =_xlfn.XLOOKUP(A8,Planilha1!H:H,Planilha1!L:L) -> 0.048 | I8: =_xlfn.XLOOKUP(A8,Planilha1!H:H,Planilha1!M:M) -> 1.32 | J8: =(E8/H8)*I8 -> 0 | K8: =_xlfn.CONCAT(A8,"_",B8) -> PUCPR DIGITAL_46180
A9: PUCPR DIGITAL | B9: 46181 | C9: 45 | D9: =_xlfn.XLOOKUP(A9,Planilha1!H:H,Planilha1!J:J) -> 0.78054286 | E9: =C9*D9 -> 35.124429 | F9: =_xlfn.XLOOKUP(A9,Planilha1!H:H,Planilha1!K:K) -> 10 | G9: =IFERROR(F9/E9,0) -> 0.28470214 | H9: =_xlfn.XLOOKUP(A9,Planilha1!H:H,Planilha1!L:L) -> 0.048 | I9: =_xlfn.XLOOKUP(A9,Planilha1!H:H,Planilha1!M:M) -> 1.32 | J9: =(E9/H9)*I9 -> 965.92179 | K9: =_xlfn.CONCAT(A9,"_",B9) -> PUCPR DIGITAL_46181
A10: PUCPR DIGITAL | B10: 46182 | C10: 45 | D10: =_xlfn.XLOOKUP(A10,Planilha1!H:H,Planilha1!J:J) -> 0.78054286 | E10: =C10*D10 -> 35.124429 | F10: =_xlfn.XLOOKUP(A10,Planilha1!H:H,Planilha1!K:K) -> 10 | G10: =IFERROR(F10/E10,0) -> 0.28470214 | H10: =_xlfn.XLOOKUP(A10,Planilha1!H:H,Planilha1!L:L) -> 0.048 | I10: =_xlfn.XLOOKUP(A10,Planilha1!H:H,Planilha1!M:M) -> 1.32 | J10: =(E10/H10)*I10 -> 965.92179 | K10: =_xlfn.CONCAT(A10,"_",B10) -> PUCPR DIGITAL_46182
A11: PUCPR DIGITAL | B11: 46183 | C11: 40 | D11: =_xlfn.XLOOKUP(A11,Planilha1!H:H,Planilha1!J:J) -> 0.78054286 | E11: =C11*D11 -> 31.221714 | F11: =_xlfn.XLOOKUP(A11,Planilha1!H:H,Planilha1!K:K) -> 10 | G11: =IFERROR(F11/E11,0) -> 0.32028991 | H11: =_xlfn.XLOOKUP(A11,Planilha1!H:H,Planilha1!L:L) -> 0.048 | I11: =_xlfn.XLOOKUP(A11,Planilha1!H:H,Planilha1!M:M) -> 1.32 | J11: =(E11/H11)*I11 -> 858.59714 | K11: =_xlfn.CONCAT(A11,"_",B11) -> PUCPR DIGITAL_46183
A12: PUCPR DIGITAL | B12: 46184 | C12: 40 | D12: =_xlfn.XLOOKUP(A12,Planilha1!H:H,Planilha1!J:J) -> 0.78054286 | E12: =C12*D12 -> 31.221714 | F12: =_xlfn.XLOOKUP(A12,Planilha1!H:H,Planilha1!K:K) -> 10 | G12: =IFERROR(F12/E12,0) -> 0.32028991 | H12: =_xlfn.XLOOKUP(A12,Planilha1!H:H,Planilha1!L:L) -> 0.048 | I12: =_xlfn.XLOOKUP(A12,Planilha1!H:H,Planilha1!M:M) -> 1.32 | J12: =(E12/H12)*I12 -> 858.59714 | K12: =_xlfn.CONCAT(A12,"_",B12) -> PUCPR DIGITAL_46184
A13: PUCPR DIGITAL | B13: 46185 | C13: 32 | D13: =_xlfn.XLOOKUP(A13,Planilha1!H:H,Planilha1!J:J) -> 0.78054286 | E13: =C13*D13 -> 24.977371 | F13: =_xlfn.XLOOKUP(A13,Planilha1!H:H,Planilha1!K:K) -> 10 | G13: =IFERROR(F13/E13,0) -> 0.40036239 | H13: =_xlfn.XLOOKUP(A13,Planilha1!H:H,Planilha1!L:L) -> 0.048 | I13: =_xlfn.XLOOKUP(A13,Planilha1!H:H,Planilha1!M:M) -> 1.32 | J13: =(E13/H13)*I13 -> 686.87771 | K13: =_xlfn.CONCAT(A13,"_",B13) -> PUCPR DIGITAL_46185
... A241: Pós Artmed | B241: 46203 | C241: 23 | D241: =_xlfn.XLOOKUP(A241,Planilha1!H:H,Planilha1!J:J) -> 0.81004563 | E241: =C241*D241 -> 18.631049 | F241: =_xlfn.XLOOKUP(A241,Planilha1!H:H,Planilha1!K:K) -> 9 | G241: =IFERROR(F241/E241,0) -> 0.48306458 | H241: =_xlfn.XLOOKUP(A241,Planilha1!H:H,Planilha1!L:L) -> 0.095 | I241: =_xlfn.XLOOKUP(A241,Planilha1!H:H,Planilha1!M:M) -> 1.39 | J241: =(E241/H241)*I241 -> 272.60167 | K241: =_xlfn.CONCAT(A241,"_",B241) -> Pós Artmed_46203
